order_id,customer_id,order_date,product_id,product_name,product_price,quantity
ORD0001,CUST006,2022-04-09,PROD002,Smartphone,599.99,3
ORD0002,CUST050,2023-11-23,PROD005,Smartwatch,249.99,1
ORD0003,CUST020,2023-05-09,PROD003,Headphones,149.99,4
ORD0004,CUST018,2023-02-27,PROD003,Headphones,149.99,2
ORD0005,CUST006,2023-11-12,PROD005,Smartwatch,249.99,2
ORD0006,CUST047,2023-08-01,PROD004,Tablet,399.99,4
ORD0007,CUST001,2023-04-27,PROD002,Smartphone,599.99,4
ORD0008,CUST029,2022-07-25,PROD004,Tablet,399.99,5
ORD0009,CUST022,2023-12-01,PROD004,Tablet,399.99,5
ORD0010,CUST037,2023-08-23,PROD002,Smartphone,599.99,2
ORD0011,CUST040,2023-12-23,PROD002,Smartphone,599.99,1
ORD0012,CUST032,2022-11-19,PROD005,Smartwatch,249.99,2
ORD0013,CUST011,2023-09-05,PROD001,Laptop,999.99,5
ORD0014,CUST042,2023-07-19,PROD001,Laptop,999.99,5
ORD0015,CUST041,2022-05-29,PROD005,Smartwatch,249.99,2
ORD0016,CUST031,2023-11-13,PROD002,Smartphone,599.99,4
ORD0017,CUST024,2022-08-20,PROD004,Tablet,399.99,5
ORD0018,CUST031,2022-12-17,PROD001,Laptop,999.99,4
ORD0019,CUST023,2022-04-04,PROD002,Smartphone,599.99,1
ORD0020,CUST041,2023-03-19,PROD001,Laptop,999.99,4
ORD0021,CUST030,2022-10-04,PROD004,Tablet,399.99,2
ORD0022,CUST017,2022-06-03,PROD005,Smartwatch,249.99,4
ORD0023,CUST014,2023-04-04,PROD005,Smartwatch,249.99,5
ORD0024,CUST009,2023-02-10,PROD003,Headphones,149.99,3
ORD0025,CUST043,2023-10-23,PROD004,Tablet,399.99,5
ORD0026,CUST003,2022-12-05,PROD002,Smartphone,599.99,4
ORD0027,CUST003,2023-02-27,PROD003,Headphones,149.99,4
ORD0028,CUST050,2022-11-20,PROD005,Smartwatch,249.99,1
ORD0029,CUST033,2022-05-02,PROD005,Smartwatch,249.99,1
ORD0030,CUST009,2023-02-10,PROD001,Laptop,999.99,4
ORD0031,CUST027,2022-03-17,PROD003,Headphones,149.99,5
ORD0032,CUST017,2022-10-06,PROD005,Smartwatch,249.99,3
ORD0033,CUST001,2023-10-17,PROD003,Headphones,149.99,5
ORD0034,CUST025,2022-09-09,PROD005,Smartwatch,249.99,1
ORD0035,CUST024,2022-04-15,PROD003,Headphones,149.99,2
ORD0036,CUST038,2023-05-16,PROD002,Smartphone,599.99,2
ORD0037,CUST001,2023-06-13,PROD004,Tablet,399.99,2
ORD0038,CUST027,2023-04-21,PROD003,Headphones,149.99,3
ORD0039,CUST033,2023-12-02,PROD001,Laptop,999.99,2
ORD0040,CUST001,2023-01-30,PROD001,Laptop,999.99,4
ORD0041,CUST045,2023-12-09,PROD002,Smartphone,599.99,2
ORD0042,CUST030,2023-10-26,PROD004,Tablet,399.99,1
ORD0043,CUST001,2023-07-23,PROD004,Tablet,399.99,1
ORD0044,CUST013,2022-03-23,PROD004,Tablet,399.99,1
ORD0045,CUST038,2023-10-06,PROD001,Laptop,999.99,3
ORD0046,CUST030,2023-06-12,PROD005,Smartwatch,249.99,3
ORD0047,CUST045,2023-08-14,PROD003,Headphones,149.99,4
ORD0048,CUST005,2022-05-21,PROD004,Tablet,399.99,4
ORD0049,CUST004,2022-07-20,PROD005,Smartwatch,249.99,5
ORD0050,CUST028,2023-04-07,PROD001,Laptop,999.99,1
ORD0051,CUST004,2023-12-16,PROD003,Headphones,149.99,3
ORD0052,CUST015,2023-02-27,PROD005,Smartwatch,249.99,2
ORD0053,CUST019,2022-11-20,PROD001,Laptop,999.99,5
ORD0054,CUST008,2022-06-13,PROD004,Tablet,399.99,3
ORD0055,CUST026,2022-01-31,PROD001,Laptop,999.99,4
ORD0056,CUST019,2022-02-16,PROD005,Smartwatch,249.99,4
ORD0057,CUST017,2023-11-22,PROD002,Smartphone,599.99,1
ORD0058,CUST043,2023-09-25,PROD004,Tablet,399.99,3
ORD0059,CUST034,2022-03-04,PROD005,Smartwatch,249.99,4
ORD0060,CUST013,2022-07-05,PROD004,Tablet,399.99,1
ORD0061,CUST031,2023-08-18,PROD005,Smartwatch,249.99,2
ORD0062,CUST036,2022-09-17,PROD004,Tablet,399.99,3
ORD0063,CUST021,2023-07-26,PROD003,Headphones,149.99,2
ORD0064,CUST017,2023-09-22,PROD003,Headphones,149.99,5
ORD0065,CUST020,2022-02-14,PROD002,Smartphone,599.99,2
ORD0066,CUST017,2022-10-18,PROD005,Smartwatch,249.99,1
ORD0067,CUST019,2022-12-25,PROD005,Smartwatch,249.99,3
ORD0068,CUST013,2022-07-07,PROD003,Headphones,149.99,4
ORD0069,CUST022,2022-04-01,PROD005,Smartwatch,249.99,5
ORD0070,CUST004,2023-02-06,PROD003,Headphones,149.99,1
ORD0071,CUST009,2022-02-03,PROD004,Tablet,399.99,5
ORD0072,CUST041,2022-10-18,PROD003,Headphones,149.99,2
ORD0073,CUST026,2022-06-14,PROD005,Smartwatch,249.99,4
ORD0074,CUST025,2023-03-30,PROD002,Smartphone,599.99,1
ORD0075,CUST031,2023-02-03,PROD002,Smartphone,599.99,2
ORD0076,CUST001,2023-12-03,PROD002,Smartphone,599.99,2
ORD0077,CUST019,2022-01-06,PROD002,Smartphone,599.99,5
ORD0078,CUST038,2023-03-10,PROD001,Laptop,999.99,4
ORD0079,CUST044,2023-05-09,PROD001,Laptop,999.99,3
ORD0080,CUST048,2022-05-25,PROD002,Smartphone,599.99,5
ORD0081,CUST021,2023-04-04,PROD002,Smartphone,599.99,5
ORD0082,CUST044,2022-12-11,PROD001,Laptop,999.99,4
ORD0083,CUST007,2022-01-12,PROD001,Laptop,999.99,2
ORD0084,CUST025,2022-03-01,PROD001,Laptop,999.99,2
ORD0085,CUST027,2022-09-16,PROD005,Smartwatch,249.99,4
ORD0086,CUST043,2022-02-02,PROD002,Smartphone,599.99,4
ORD0087,CUST033,2022-10-14,PROD001,Laptop,999.99,5
ORD0088,CUST019,2023-08-07,PROD003,Headphones,149.99,4
ORD0089,CUST001,2022-03-20,PROD003,Headphones,149.99,5
ORD0090,CUST032,2023-06-27,PROD004,Tablet,399.99,1
ORD0091,CUST044,2023-02-25,PROD001,Laptop,999.99,3
ORD0092,CUST003,2023-12-25,PROD003,Headphones,149.99,2
ORD0093,CUST048,2023-02-20,PROD005,Smartwatch,249.99,1
ORD0094,CUST002,2023-11-10,PROD004,Tablet,399.99,3
ORD0095,CUST025,2023-09-22,PROD002,Smartphone,599.99,2
ORD0096,CUST037,2022-06-30,PROD003,Headphones,149.99,1
ORD0097,CUST019,2022-02-01,PROD004,Tablet,399.99,3
ORD0098,CUST049,2022-04-24,PROD005,Smartwatch,249.99,1
ORD0099,CUST024,2022-07-07,PROD004,Tablet,399.99,1
ORD0100,CUST022,2023-06-21,PROD001,Laptop,999.99,2
ORD0101,CUST040,2023-03-13,PROD002,Smartphone,599.99,1
ORD0102,CUST019,2023-04-22,PROD004,Tablet,399.99,2
ORD0103,CUST001,2023-11-18,PROD002,Smartphone,599.99,2
ORD0104,CUST017,2022-05-16,PROD003,Headphones,149.99,3
ORD0105,CUST038,2023-03-22,PROD004,Tablet,399.99,5
ORD0106,CUST005,2023-07-19,PROD002,Smartphone,599.99,2
ORD0107,CUST021,2022-01-07,PROD003,Headphones,149.99,1
ORD0108,CUST019,2022-11-16,PROD002,Smartphone,599.99,4
ORD0109,CUST012,2023-11-16,PROD003,Headphones,149.99,5
ORD0110,CUST002,2022-06-13,PROD001,Laptop,999.99,1
ORD0111,CUST007,2022-03-27,PROD001,Laptop,999.99,2
ORD0112,CUST030,2022-09-10,PROD002,Smartphone,599.99,5
ORD0113,CUST025,2022-05-31,PROD001,Laptop,999.99,3
ORD0114,CUST047,2023-12-19,PROD004,Tablet,399.99,1
ORD0115,CUST044,2023-12-08,PROD004,Tablet,399.99,3
ORD0116,CUST026,2023-02-20,PROD002,Smartphone,599.99,1
ORD0117,CUST003,2023-07-09,PROD001,Laptop,999.99,3
ORD0118,CUST031,2022-02-09,PROD005,Smartwatch,249.99,1
ORD0119,CUST008,2022-10-19,PROD001,Laptop,999.99,1
ORD0120,CUST025,2023-06-24,PROD005,Smartwatch,249.99,5
ORD0121,CUST031,2023-11-18,PROD003,Headphones,149.99,2
ORD0122,CUST027,2022-02-11,PROD005,Smartwatch,249.99,5
ORD0123,CUST016,2023-08-02,PROD003,Headphones,149.99,2
ORD0124,CUST019,2023-10-07,PROD004,Tablet,399.99,3
ORD0125,CUST024,2023-09-17,PROD002,Smartphone,599.99,1
ORD0126,CUST039,2023-08-17,PROD002,Smartphone,599.99,1
ORD0127,CUST027,2022-12-28,PROD003,Headphones,149.99,3
ORD0128,CUST034,2023-06-04,PROD004,Tablet,399.99,4
ORD0129,CUST037,2023-07-19,PROD003,Headphones,149.99,2
ORD0130,CUST019,2022-12-13,PROD005,Smartwatch,249.99,4
ORD0131,CUST029,2023-04-26,PROD001,Laptop,999.99,3
ORD0132,CUST025,2022-05-04,PROD004,Tablet,399.99,1
ORD0133,CUST013,2023-04-13,PROD001,Laptop,999.99,2
ORD0134,CUST015,2022-10-17,PROD003,Headphones,149.99,5
ORD0135,CUST045,2022-07-09,PROD003,Headphones,149.99,2
ORD0136,CUST049,2022-03-20,PROD001,Laptop,999.99,4
ORD0137,CUST008,2023-04-13,PROD005,Smartwatch,249.99,5
ORD0138,CUST021,2023-08-01,PROD003,Headphones,149.99,2
ORD0139,CUST010,2022-01-22,PROD002,Smartphone,599.99,1
ORD0140,CUST048,2022-03-30,PROD005,Smartwatch,249.99,4
ORD0141,CUST022,2022-01-27,PROD001,Laptop,999.99,2
ORD0142,CUST018,2022-01-20,PROD005,Smartwatch,249.99,1
ORD0143,CUST010,2023-09-19,PROD005,Smartwatch,249.99,4
ORD0144,CUST020,2022-04-17,PROD004,Tablet,399.99,5
ORD0145,CUST026,2022-12-28,PROD003,Headphones,149.99,1
ORD0146,CUST035,2023-07-03,PROD005,Smartwatch,249.99,1
ORD0147,CUST027,2022-04-25,PROD002,Smartphone,599.99,2
ORD0148,CUST006,2023-05-17,PROD005,Smartwatch,249.99,4
ORD0149,CUST028,2022-02-18,PROD001,Laptop,999.99,1
ORD0150,CUST037,2023-09-04,PROD004,Tablet,399.99,4
ORD0151,CUST021,2023-09-24,PROD003,Headphones,149.99,1
ORD0152,CUST004,2023-11-13,PROD002,Smartphone,599.99,3
ORD0153,CUST018,2022-02-23,PROD001,Laptop,999.99,4
ORD0154,CUST041,2023-11-26,PROD001,Laptop,999.99,1
ORD0155,CUST004,2022-04-15,PROD003,Headphones,149.99,3
ORD0156,CUST046,2023-11-16,PROD004,Tablet,399.99,3
ORD0157,CUST039,2023-03-24,PROD001,Laptop,999.99,2
ORD0158,CUST006,2022-03-10,PROD003,Headphones,149.99,5
ORD0159,CUST039,2022-06-03,PROD004,Tablet,399.99,2
ORD0160,CUST020,2023-02-15,PROD004,Tablet,399.99,2
ORD0161,CUST049,2023-04-12,PROD001,Laptop,999.99,4
ORD0162,CUST038,2023-01-19,PROD001,Laptop,999.99,2
ORD0163,CUST034,2023-01-20,PROD005,Smartwatch,249.99,1
ORD0164,CUST023,2022-12-16,PROD004,Tablet,399.99,4
ORD0165,CUST011,2023-06-13,PROD001,Laptop,999.99,1
ORD0166,CUST005,2022-05-12,PROD005,Smartwatch,249.99,3
ORD0167,CUST013,2022-01-30,PROD005,Smartwatch,249.99,3
ORD0168,CUST014,2023-08-20,PROD005,Smartwatch,249.99,3
ORD0169,CUST024,2022-10-11,PROD004,Tablet,399.99,1
ORD0170,CUST022,2023-06-21,PROD003,Headphones,149.99,1
ORD0171,CUST003,2023-09-01,PROD004,Tablet,399.99,1
ORD0172,CUST050,2022-08-07,PROD005,Smartwatch,249.99,2
ORD0173,CUST009,2022-03-04,PROD005,Smartwatch,249.99,2
ORD0174,CUST010,2022-06-07,PROD001,Laptop,999.99,5
ORD0175,CUST023,2023-10-09,PROD005,Smartwatch,249.99,2
ORD0176,CUST003,2022-10-15,PROD004,Tablet,399.99,5
ORD0177,CUST030,2022-11-07,PROD004,Tablet,399.99,3
ORD0178,CUST043,2023-07-25,PROD003,Headphones,149.99,3
ORD0179,CUST050,2023-02-20,PROD002,Smartphone,599.99,5
ORD0180,CUST005,2022-09-29,PROD001,Laptop,999.99,4
ORD0181,CUST018,2023-04-06,PROD002,Smartphone,599.99,3
ORD0182,CUST002,2023-03-05,PROD002,Smartphone,599.99,2
ORD0183,CUST018,2022-07-08,PROD004,Tablet,399.99,4
ORD0184,CUST024,2022-12-26,PROD004,Tablet,399.99,1
ORD0185,CUST008,2022-02-14,PROD002,Smartphone,599.99,5
ORD0186,CUST048,2022-06-02,PROD003,Headphones,149.99,5
ORD0187,CUST011,2023-03-23,PROD001,Laptop,999.99,1
ORD0188,CUST050,2023-12-12,PROD004,Tablet,399.99,2
ORD0189,CUST010,2022-12-01,PROD003,Headphones,149.99,1
ORD0190,CUST043,2023-05-11,PROD004,Tablet,399.99,3
ORD0191,CUST005,2022-08-21,PROD005,Smartwatch,249.99,2
ORD0192,CUST031,2023-05-28,PROD002,Smartphone,599.99,1
ORD0193,CUST029,2022-10-15,PROD003,Headphones,149.99,2
ORD0194,CUST030,2022-05-13,PROD001,Laptop,999.99,2
ORD0195,CUST050,2022-07-03,PROD004,Tablet,399.99,3
ORD0196,CUST030,2023-02-02,PROD003,Headphones,149.99,1
ORD0197,CUST004,2022-05-13,PROD001,Laptop,999.99,3
ORD0198,CUST006,2022-06-25,PROD003,Headphones,149.99,5
ORD0199,CUST035,2022-12-23,PROD001,Laptop,999.99,5
ORD0200,CUST006,2023-11-21,PROD004,Tablet,399.99,1
ORD0201,CUST011,2022-06-28,PROD004,Tablet,399.99,1
ORD0202,CUST023,2023-10-25,PROD005,Smartwatch,249.99,5
ORD0203,CUST006,2022-05-23,PROD003,Headphones,149.99,4
ORD0204,CUST010,2023-02-01,PROD004,Tablet,399.99,5
ORD0205,CUST010,2023-10-24,PROD003,Headphones,149.99,4
ORD0206,CUST035,2022-11-22,PROD003,Headphones,149.99,4
ORD0207,CUST017,2023-09-13,PROD005,Smartwatch,249.99,1
ORD0208,CUST008,2023-09-02,PROD003,Headphones,149.99,1
ORD0209,CUST001,2023-10-16,PROD001,Laptop,999.99,4
ORD0210,CUST015,2022-04-09,PROD002,Smartphone,599.99,5
ORD0211,CUST013,2023-12-29,PROD001,Laptop,999.99,3
ORD0212,CUST012,2023-04-04,PROD005,Smartwatch,249.99,5
ORD0213,CUST001,2023-11-23,PROD003,Headphones,149.99,3
ORD0214,CUST004,2023-06-17,PROD005,Smartwatch,249.99,4
ORD0215,CUST036,2023-02-22,PROD002,Smartphone,599.99,4
ORD0216,CUST017,2023-05-10,PROD004,Tablet,399.99,4
ORD0217,CUST010,2022-04-02,PROD005,Smartwatch,249.99,1
ORD0218,CUST034,2023-09-19,PROD005,Smartwatch,249.99,1
ORD0219,CUST015,2023-03-26,PROD003,Headphones,149.99,1
ORD0220,CUST034,2023-09-17,PROD005,Smartwatch,249.99,5
ORD0221,CUST039,2023-04-09,PROD002,Smartphone,599.99,2
ORD0222,CUST046,2023-11-15,PROD002,Smartphone,599.99,4
ORD0223,CUST010,2023-08-19,PROD003,Headphones,149.99,4
ORD0224,CUST039,2022-10-27,PROD003,Headphones,149.99,5
ORD0225,CUST020,2022-01-10,PROD002,Smartphone,599.99,1
ORD0226,CUST034,2022-09-14,PROD005,Smartwatch,249.99,4
ORD0227,CUST037,2023-03-03,PROD003,Headphones,149.99,3
ORD0228,CUST012,2022-01-22,PROD004,Tablet,399.99,3
ORD0229,CUST036,2022-08-23,PROD001,Laptop,999.99,2
ORD0230,CUST009,2022-04-09,PROD001,Laptop,999.99,3
ORD0231,CUST028,2023-06-17,PROD004,Tablet,399.99,2
ORD0232,CUST014,2023-12-21,PROD004,Tablet,399.99,3
ORD0233,CUST029,2023-12-11,PROD004,Tablet,399.99,4
ORD0234,CUST028,2022-09-06,PROD002,Smartphone,599.99,5
ORD0235,CUST041,2022-10-31,PROD001,Laptop,999.99,2
ORD0236,CUST023,2022-05-08,PROD002,Smartphone,599.99,5
ORD0237,CUST042,2022-08-18,PROD002,Smartphone,599.99,4
ORD0238,CUST010,2022-12-15,PROD004,Tablet,399.99,5
ORD0239,CUST034,2022-09-28,PROD003,Headphones,149.99,3
ORD0240,CUST050,2022-11-29,PROD003,Headphones,149.99,3
ORD0241,CUST019,2023-08-20,PROD002,Smartphone,599.99,3
ORD0242,CUST018,2023-03-13,PROD003,Headphones,149.99,1
ORD0243,CUST022,2023-04-21,PROD003,Headphones,149.99,1
ORD0244,CUST045,2022-02-19,PROD004,Tablet,399.99,3
ORD0245,CUST016,2023-12-25,PROD001,Laptop,999.99,5
ORD0246,CUST034,2023-07-03,PROD001,Laptop,999.99,2
ORD0247,CUST027,2022-03-16,PROD005,Smartwatch,249.99,3
ORD0248,CUST045,2023-12-03,PROD005,Smartwatch,249.99,4
ORD0249,CUST016,2022-12-20,PROD001,Laptop,999.99,3
ORD0250,CUST017,2022-05-19,PROD004,Tablet,399.99,1
ORD0251,CUST019,2022-08-04,PROD001,Laptop,999.99,4
ORD0252,CUST048,2022-09-22,PROD002,Smartphone,599.99,2
ORD0253,CUST024,2022-08-30,PROD003,Headphones,149.99,2
ORD0254,CUST017,2023-09-03,PROD005,Smartwatch,249.99,5
ORD0255,CUST005,2023-06-06,PROD005,Smartwatch,249.99,5
ORD0256,CUST044,2022-02-21,PROD001,Laptop,999.99,5
ORD0257,CUST021,2023-10-25,PROD005,Smartwatch,249.99,3
ORD0258,CUST005,2022-06-09,PROD003,Headphones,149.99,5
ORD0259,CUST027,2022-12-10,PROD005,Smartwatch,249.99,1
ORD0260,CUST006,2022-08-16,PROD003,Headphones,149.99,3
ORD0261,CUST009,2023-02-13,PROD001,Laptop,999.99,4
ORD0262,CUST032,2022-08-09,PROD002,Smartphone,599.99,2
ORD0263,CUST034,2023-02-08,PROD002,Smartphone,599.99,4
ORD0264,CUST029,2023-10-11,PROD004,Tablet,399.99,4
ORD0265,CUST040,2023-07-16,PROD005,Smartwatch,249.99,4
ORD0266,CUST025,2022-02-06,PROD001,Laptop,999.99,2
ORD0267,CUST026,2022-05-28,PROD004,Tablet,399.99,2
ORD0268,CUST030,2022-07-31,PROD005,Smartwatch,249.99,4
ORD0269,CUST017,2023-03-07,PROD002,Smartphone,599.99,1
ORD0270,CUST042,2022-09-02,PROD001,Laptop,999.99,5
ORD0271,CUST041,2023-08-03,PROD004,Tablet,399.99,2
ORD0272,CUST041,2023-07-27,PROD003,Headphones,149.99,1
ORD0273,CUST021,2022-07-13,PROD003,Headphones,149.99,1
ORD0274,CUST037,2023-05-06,PROD003,Headphones,149.99,2
ORD0275,CUST013,2023-08-04,PROD001,Laptop,999.99,5
ORD0276,CUST039,2022-01-15,PROD001,Laptop,999.99,1
ORD0277,CUST027,2022-02-12,PROD003,Headphones,149.99,5
ORD0278,CUST029,2023-09-23,PROD002,Smartphone,599.99,3
ORD0279,CUST006,2022-05-15,PROD002,Smartphone,599.99,2
ORD0280,CUST048,2022-03-10,PROD002,Smartphone,599.99,5
ORD0281,CUST047,2023-01-31,PROD002,Smartphone,599.99,1
ORD0282,CUST006,2022-04-11,PROD004,Tablet,399.99,4
ORD0283,CUST033,2022-11-18,PROD002,Smartphone,599.99,5
ORD0284,CUST031,2022-07-25,PROD002,Smartphone,599.99,3
ORD0285,CUST006,2023-09-24,PROD005,Smartwatch,249.99,2
ORD0286,CUST038,2022-12-25,PROD001,Laptop,999.99,1
ORD0287,CUST024,2023-01-20,PROD005,Smartwatch,249.99,3
ORD0288,CUST024,2022-03-21,PROD001,Laptop,999.99,2
ORD0289,CUST028,2023-10-03,PROD005,Smartwatch,249.99,4
ORD0290,CUST039,2022-07-22,PROD002,Smartphone,599.99,5
ORD0291,CUST049,2023-02-20,PROD001,Laptop,999.99,1
ORD0292,CUST012,2023-05-20,PROD004,Tablet,399.99,3
ORD0293,CUST042,2023-08-21,PROD005,Smartwatch,249.99,4
ORD0294,CUST020,2022-12-07,PROD004,Tablet,399.99,5
ORD0295,CUST013,2022-12-27,PROD003,Headphones,149.99,2
ORD0296,CUST032,2023-07-17,PROD005,Smartwatch,249.99,2
ORD0297,CUST042,2023-02-01,PROD002,Smartphone,599.99,2
ORD0298,CUST008,2023-05-27,PROD003,Headphones,149.99,3
ORD0299,CUST005,2023-05-01,PROD003,Headphones,149.99,2
ORD0300,CUST005,2023-05-31,PROD003,Headphones,149.99,4
ORD0301,CUST001,2023-04-15,PROD003,Headphones,149.99,1
ORD0302,CUST003,2023-10-10,PROD002,Smartphone,599.99,5
ORD0303,CUST028,2023-07-09,PROD003,Headphones,149.99,5
ORD0304,CUST009,2023-05-30,PROD001,Laptop,999.99,4
ORD0305,CUST002,2023-08-05,PROD004,Tablet,399.99,3
ORD0306,CUST010,2023-08-26,PROD005,Smartwatch,249.99,1
ORD0307,CUST027,2023-09-27,PROD002,Smartphone,599.99,3
ORD0308,CUST006,2022-01-07,PROD002,Smartphone,599.99,4
ORD0309,CUST008,2022-12-10,PROD001,Laptop,999.99,4
ORD0310,CUST007,2023-11-17,PROD004,Tablet,399.99,2
ORD0311,CUST003,2023-07-22,PROD001,Laptop,999.99,3
ORD0312,CUST036,2023-09-23,PROD004,Tablet,399.99,1
ORD0313,CUST034,2023-10-17,PROD001,Laptop,999.99,1
ORD0314,CUST007,2023-12-27,PROD003,Headphones,149.99,2
ORD0315,CUST029,2022-11-07,PROD004,Tablet,399.99,4
ORD0316,CUST041,2023-03-22,PROD003,Headphones,149.99,1
ORD0317,CUST031,2023-09-18,PROD005,Smartwatch,249.99,3
ORD0318,CUST047,2023-09-15,PROD005,Smartwatch,249.99,1
ORD0319,CUST041,2022-01-29,PROD005,Smartwatch,249.99,2
ORD0320,CUST044,2022-10-01,PROD005,Smartwatch,249.99,5
ORD0321,CUST049,2023-09-14,PROD005,Smartwatch,249.99,4
ORD0322,CUST044,2023-08-29,PROD001,Laptop,999.99,1
ORD0323,CUST005,2023-08-21,PROD001,Laptop,999.99,5
ORD0324,CUST006,2022-09-19,PROD002,Smartphone,599.99,1
ORD0325,CUST031,2022-03-02,PROD005,Smartwatch,249.99,5
ORD0326,CUST041,2022-05-07,PROD005,Smartwatch,249.99,5
ORD0327,CUST022,2023-10-23,PROD001,Laptop,999.99,3
ORD0328,CUST003,2023-12-20,PROD002,Smartphone,599.99,1
ORD0329,CUST009,2022-10-06,PROD001,Laptop,999.99,4
ORD0330,CUST029,2022-11-14,PROD003,Headphones,149.99,2
ORD0331,CUST018,2022-07-15,PROD002,Smartphone,599.99,1
ORD0332,CUST020,2023-06-14,PROD002,Smartphone,599.99,4
ORD0333,CUST033,2023-09-18,PROD005,Smartwatch,249.99,4
ORD0334,CUST005,2022-09-04,PROD003,Headphones,149.99,4
ORD0335,CUST005,2023-08-11,PROD003,Headphones,149.99,3
ORD0336,CUST011,2023-02-12,PROD005,Smartwatch,249.99,2
ORD0337,CUST050,2022-10-27,PROD005,Smartwatch,249.99,5
ORD0338,CUST040,2022-01-30,PROD002,Smartphone,599.99,4
ORD0339,CUST004,2022-04-06,PROD005,Smartwatch,249.99,1
ORD0340,CUST021,2022-06-17,PROD002,Smartphone,599.99,5
ORD0341,CUST006,2023-02-09,PROD001,Laptop,999.99,1
ORD0342,CUST042,2023-04-05,PROD003,Headphones,149.99,5
ORD0343,CUST016,2023-07-19,PROD002,Smartphone,599.99,5
ORD0344,CUST043,2022-08-12,PROD002,Smartphone,599.99,5
ORD0345,CUST025,2022-10-10,PROD001,Laptop,999.99,4
ORD0346,CUST010,2022-06-28,PROD001,Laptop,999.99,4
ORD0347,CUST028,2022-06-15,PROD002,Smartphone,599.99,4
ORD0348,CUST040,2022-03-04,PROD002,Smartphone,599.99,3
ORD0349,CUST014,2023-03-23,PROD004,Tablet,399.99,3
ORD0350,CUST039,2022-11-26,PROD005,Smartwatch,249.99,4
ORD0351,CUST033,2022-02-27,PROD002,Smartphone,599.99,4
ORD0352,CUST034,2022-07-22,PROD001,Laptop,999.99,5
ORD0353,CUST002,2022-09-14,PROD002,Smartphone,599.99,4
ORD0354,CUST041,2023-06-16,PROD001,Laptop,999.99,1
ORD0355,CUST050,2022-12-11,PROD004,Tablet,399.99,1
ORD0356,CUST026,2022-04-26,PROD002,Smartphone,599.99,1
ORD0357,CUST046,2023-07-07,PROD004,Tablet,399.99,5
ORD0358,CUST035,2023-01-26,PROD004,Tablet,399.99,3
ORD0359,CUST043,2023-03-16,PROD002,Smartphone,599.99,5
ORD0360,CUST040,2023-12-25,PROD005,Smartwatch,249.99,5
ORD0361,CUST021,2023-11-07,PROD001,Laptop,999.99,5
ORD0362,CUST010,2022-11-26,PROD005,Smartwatch,249.99,1
ORD0363,CUST049,2022-07-31,PROD001,Laptop,999.99,1
ORD0364,CUST012,2022-03-21,PROD002,Smartphone,599.99,3
ORD0365,CUST030,2022-08-10,PROD002,Smartphone,599.99,3
ORD0366,CUST025,2023-03-30,PROD004,Tablet,399.99,1
ORD0367,CUST039,2023-08-13,PROD002,Smartphone,599.99,4
ORD0368,CUST003,2022-02-07,PROD002,Smartphone,599.99,2
ORD0369,CUST006,2023-03-01,PROD004,Tablet,399.99,3
ORD0370,CUST009,2023-04-19,PROD004,Tablet,399.99,3
ORD0371,CUST050,2022-11-01,PROD003,Headphones,149.99,3
ORD0372,CUST009,2023-12-30,PROD005,Smartwatch,249.99,1
ORD0373,CUST031,2022-05-29,PROD004,Tablet,399.99,2
ORD0374,CUST015,2022-02-01,PROD002,Smartphone,599.99,5
ORD0375,CUST002,2022-01-01,PROD001,Laptop,999.99,1
ORD0376,CUST014,2023-12-30,PROD001,Laptop,999.99,1
ORD0377,CUST048,2023-06-15,PROD002,Smartphone,599.99,1
ORD0378,CUST033,2022-09-13,PROD003,Headphones,149.99,1
ORD0379,CUST009,2022-07-13,PROD005,Smartwatch,249.99,4
ORD0380,CUST043,2023-04-11,PROD003,Headphones,149.99,4
ORD0381,CUST007,2023-11-27,PROD005,Smartwatch,249.99,3
ORD0382,CUST014,2023-10-09,PROD002,Smartphone,599.99,5
ORD0383,CUST017,2022-07-11,PROD004,Tablet,399.99,4
ORD0384,CUST032,2022-09-01,PROD004,Tablet,399.99,5
ORD0385,CUST005,2022-07-16,PROD001,Laptop,999.99,3
ORD0386,CUST031,2023-01-17,PROD001,Laptop,999.99,5
ORD0387,CUST048,2022-02-17,PROD005,Smartwatch,249.99,1
ORD0388,CUST031,2022-05-07,PROD003,Headphones,149.99,4
ORD0389,CUST034,2023-07-02,PROD005,Smartwatch,249.99,4
ORD0390,CUST047,2022-11-08,PROD004,Tablet,399.99,1
ORD0391,CUST049,2023-08-21,PROD004,Tablet,399.99,2
ORD0392,CUST036,2023-08-07,PROD005,Smartwatch,249.99,3
ORD0393,CUST004,2022-07-08,PROD001,Laptop,999.99,5
ORD0394,CUST024,2022-04-08,PROD003,Headphones,149.99,1
ORD0395,CUST021,2023-09-25,PROD003,Headphones,149.99,2
ORD0396,CUST041,2022-07-09,PROD001,Laptop,999.99,4
ORD0397,CUST031,2023-08-14,PROD001,Laptop,999.99,5
ORD0398,CUST012,2022-11-07,PROD003,Headphones,149.99,1
ORD0399,CUST005,2023-10-29,PROD003,Headphones,149.99,3
ORD0400,CUST007,2022-05-23,PROD002,Smartphone,599.99,3
ORD0401,CUST024,2023-11-19,PROD003,Headphones,149.99,1
ORD0402,CUST041,2022-09-25,PROD004,Tablet,399.99,2
ORD0403,CUST039,2023-08-30,PROD004,Tablet,399.99,3
ORD0404,CUST036,2023-09-21,PROD003,Headphones,149.99,2
ORD0405,CUST019,2022-08-21,PROD004,Tablet,399.99,3
ORD0406,CUST008,2023-05-15,PROD001,Laptop,999.99,1
ORD0407,CUST038,2022-06-26,PROD004,Tablet,399.99,3
ORD0408,CUST027,2023-10-25,PROD004,Tablet,399.99,3
ORD0409,CUST037,2022-03-24,PROD002,Smartphone,599.99,1
ORD0410,CUST020,2023-02-01,PROD004,Tablet,399.99,5
ORD0411,CUST036,2023-09-13,PROD002,Smartphone,599.99,4
ORD0412,CUST028,2023-09-09,PROD003,Headphones,149.99,1
ORD0413,CUST001,2022-06-27,PROD002,Smartphone,599.99,4
ORD0414,CUST020,2022-07-07,PROD001,Laptop,999.99,4
ORD0415,CUST031,2023-07-05,PROD003,Headphones,149.99,5
ORD0416,CUST013,2023-07-26,PROD002,Smartphone,599.99,2
ORD0417,CUST036,2022-03-03,PROD004,Tablet,399.99,2
ORD0418,CUST031,2022-05-05,PROD004,Tablet,399.99,4
ORD0419,CUST014,2022-04-30,PROD001,Laptop,999.99,2
ORD0420,CUST007,2022-10-25,PROD002,Smartphone,599.99,4
ORD0421,CUST007,2023-11-13,PROD001,Laptop,999.99,1
ORD0422,CUST047,2023-05-05,PROD002,Smartphone,599.99,3
ORD0423,CUST042,2022-10-22,PROD005,Smartwatch,249.99,4
ORD0424,CUST034,2023-03-01,PROD004,Tablet,399.99,5
ORD0425,CUST037,2023-01-30,PROD004,Tablet,399.99,3
ORD0426,CUST013,2022-03-23,PROD005,Smartwatch,249.99,2
ORD0427,CUST024,2023-05-17,PROD004,Tablet,399.99,4
ORD0428,CUST034,2022-04-17,PROD005,Smartwatch,249.99,1
ORD0429,CUST003,2022-02-08,PROD005,Smartwatch,249.99,5
ORD0430,CUST031,2023-10-02,PROD005,Smartwatch,249.99,1
ORD0431,CUST044,2023-02-02,PROD005,Smartwatch,249.99,4
ORD0432,CUST016,2022-10-06,PROD005,Smartwatch,249.99,2
ORD0433,CUST003,2023-08-18,PROD001,Laptop,999.99,4
ORD0434,CUST015,2022-01-18,PROD002,Smartphone,599.99,5
ORD0435,CUST018,2022-06-19,PROD004,Tablet,399.99,1
ORD0436,CUST034,2022-10-22,PROD003,Headphones,149.99,4
ORD0437,CUST041,2023-07-01,PROD003,Headphones,149.99,4
ORD0438,CUST037,2022-11-30,PROD002,Smartphone,599.99,1
ORD0439,CUST001,2022-10-20,PROD004,Tablet,399.99,5
ORD0440,CUST008,2022-09-08,PROD002,Smartphone,599.99,5
ORD0441,CUST048,2022-07-23,PROD004,Tablet,399.99,4
ORD0442,CUST009,2022-02-09,PROD001,Laptop,999.99,5
ORD0443,CUST031,2023-02-16,PROD001,Laptop,999.99,4
ORD0444,CUST048,2022-11-19,PROD004,Tablet,399.99,4
ORD0445,CUST034,2023-05-28,PROD002,Smartphone,599.99,5
ORD0446,CUST008,2022-05-16,PROD003,Headphones,149.99,3
ORD0447,CUST040,2022-12-21,PROD002,Smartphone,599.99,2
ORD0448,CUST041,2023-08-12,PROD001,Laptop,999.99,3
ORD0449,CUST008,2023-07-17,PROD005,Smartwatch,249.99,4
ORD0450,CUST047,2023-03-21,PROD001,Laptop,999.99,1
ORD0451,CUST027,2022-09-24,PROD004,Tablet,399.99,4
ORD0452,CUST047,2022-08-23,PROD005,Smartwatch,249.99,3
ORD0453,CUST020,2023-07-12,PROD002,Smartphone,599.99,2
ORD0454,CUST010,2022-09-09,PROD003,Headphones,149.99,5
ORD0455,CUST023,2022-05-15,PROD001,Laptop,999.99,2
ORD0456,CUST031,2023-06-07,PROD005,Smartwatch,249.99,3
ORD0457,CUST001,2022-07-28,PROD003,Headphones,149.99,2
ORD0458,CUST009,2023-08-28,PROD001,Laptop,999.99,4
ORD0459,CUST032,2023-05-07,PROD004,Tablet,399.99,2
ORD0460,CUST025,2022-01-29,PROD001,Laptop,999.99,2
ORD0461,CUST033,2022-05-13,PROD002,Smartphone,599.99,1
ORD0462,CUST005,2023-08-10,PROD002,Smartphone,599.99,2
ORD0463,CUST018,2023-01-10,PROD003,Headphones,149.99,4
ORD0464,CUST029,2023-09-07,PROD005,Smartwatch,249.99,5
ORD0465,CUST034,2022-07-04,PROD003,Headphones,149.99,3
ORD0466,CUST001,2022-12-29,PROD001,Laptop,999.99,5
ORD0467,CUST023,2023-09-27,PROD002,Smartphone,599.99,5
ORD0468,CUST027,2022-12-05,PROD005,Smartwatch,249.99,1
ORD0469,CUST041,2023-09-08,PROD001,Laptop,999.99,3
ORD0470,CUST009,2022-01-08,PROD003,Headphones,149.99,1
ORD0471,CUST014,2022-08-13,PROD005,Smartwatch,249.99,2
ORD0472,CUST019,2023-04-22,PROD005,Smartwatch,249.99,1
ORD0473,CUST029,2023-07-01,PROD004,Tablet,399.99,3
ORD0474,CUST036,2023-07-01,PROD001,Laptop,999.99,4
ORD0475,CUST019,2023-02-17,PROD004,Tablet,399.99,3
ORD0476,CUST007,2022-05-31,PROD005,Smartwatch,249.99,4
ORD0477,CUST031,2023-04-02,PROD003,Headphones,149.99,1
ORD0478,CUST015,2023-06-22,PROD005,Smartwatch,249.99,2
ORD0479,CUST038,2023-06-19,PROD005,Smartwatch,249.99,3
ORD0480,CUST029,2022-07-16,PROD001,Laptop,999.99,4
ORD0481,CUST046,2022-06-09,PROD003,Headphones,149.99,4
ORD0482,CUST019,2022-09-24,PROD002,Smartphone,599.99,4
ORD0483,CUST021,2023-10-29,PROD003,Headphones,149.99,3
ORD0484,CUST014,2023-02-03,PROD004,Tablet,399.99,1
ORD0485,CUST002,2023-11-14,PROD001,Laptop,999.99,2
ORD0486,CUST031,2023-11-26,PROD001,Laptop,999.99,2
ORD0487,CUST039,2022-02-15,PROD001,Laptop,999.99,1
ORD0488,CUST048,2023-04-20,PROD005,Smartwatch,249.99,5
ORD0489,CUST031,2023-12-27,PROD003,Headphones,149.99,2
ORD0490,CUST049,2023-03-13,PROD003,Headphones,149.99,5
ORD0491,CUST001,2022-06-15,PROD004,Tablet,399.99,4
ORD0492,CUST038,2023-04-19,PROD005,Smartwatch,249.99,1
ORD0493,CUST045,2022-12-24,PROD003,Headphones,149.99,4
ORD0494,CUST021,2023-10-17,PROD002,Smartphone,599.99,4
ORD0495,CUST033,2022-04-20,PROD005,Smartwatch,249.99,3
ORD0496,CUST047,2023-11-15,PROD001,Laptop,999.99,2
ORD0497,CUST030,2022-10-23,PROD003,Headphones,149.99,4
ORD0498,CUST009,2022-03-20,PROD002,Smartphone,599.99,5
ORD0499,CUST040,2022-02-26,PROD003,Headphones,149.99,1
ORD0500,CUST013,2022-06-24,PROD003,Headphones,149.99,2
ORD0501,CUST005,2023-07-27,PROD001,Laptop,999.99,5
ORD0502,CUST042,2022-02-19,PROD004,Tablet,399.99,1
ORD0503,CUST045,2022-04-18,PROD002,Smartphone,599.99,3
ORD0504,CUST045,2023-09-20,PROD004,Tablet,399.99,4
ORD0505,CUST025,2022-02-10,PROD003,Headphones,149.99,2
ORD0506,CUST037,2022-11-22,PROD001,Laptop,999.99,3
ORD0507,CUST031,2022-09-04,PROD002,Smartphone,599.99,3
ORD0508,CUST041,2022-07-01,PROD005,Smartwatch,249.99,4
ORD0509,CUST029,2023-05-04,PROD002,Smartphone,599.99,4
ORD0510,CUST028,2023-07-02,PROD002,Smartphone,599.99,3
ORD0511,CUST018,2022-02-03,PROD003,Headphones,149.99,5
ORD0512,CUST036,2023-08-11,PROD004,Tablet,399.99,1
ORD0513,CUST011,2023-05-04,PROD004,Tablet,399.99,2
ORD0514,CUST014,2023-07-28,PROD004,Tablet,399.99,5
ORD0515,CUST013,2022-05-20,PROD005,Smartwatch,249.99,5
ORD0516,CUST018,2023-09-09,PROD004,Tablet,399.99,4
ORD0517,CUST039,2022-09-12,PROD004,Tablet,399.99,2
ORD0518,CUST013,2023-02-20,PROD005,Smartwatch,249.99,5
ORD0519,CUST017,2023-05-06,PROD004,Tablet,399.99,5
ORD0520,CUST017,2022-05-13,PROD003,Headphones,149.99,3
ORD0521,CUST028,2023-02-23,PROD001,Laptop,999.99,4
ORD0522,CUST035,2023-04-21,PROD005,Smartwatch,249.99,3
ORD0523,CUST017,2022-11-29,PROD004,Tablet,399.99,4
ORD0524,CUST013,2022-11-19,PROD005,Smartwatch,249.99,4
ORD0525,CUST022,2022-11-13,PROD005,Smartwatch,249.99,4
ORD0526,CUST018,2023-11-24,PROD004,Tablet,399.99,5
ORD0527,CUST036,2023-06-26,PROD005,Smartwatch,249.99,2
ORD0528,CUST009,2023-03-17,PROD004,Tablet,399.99,2
ORD0529,CUST016,2022-02-21,PROD003,Headphones,149.99,3
ORD0530,CUST035,2023-08-15,PROD001,Laptop,999.99,2
ORD0531,CUST047,2023-03-18,PROD005,Smartwatch,249.99,4
ORD0532,CUST036,2022-04-07,PROD002,Smartphone,599.99,1
ORD0533,CUST034,2022-05-28,PROD004,Tablet,399.99,1
ORD0534,CUST012,2023-04-03,PROD005,Smartwatch,249.99,5
ORD0535,CUST035,2022-09-19,PROD002,Smartphone,599.99,4
ORD0536,CUST043,2023-06-03,PROD003,Headphones,149.99,3
ORD0537,CUST002,2022-08-04,PROD005,Smartwatch,249.99,5
ORD0538,CUST028,2022-01-15,PROD005,Smartwatch,249.99,1
ORD0539,CUST041,2022-02-18,PROD003,Headphones,149.99,2
ORD0540,CUST050,2023-09-10,PROD003,Headphones,149.99,2
ORD0541,CUST032,2023-08-15,PROD004,Tablet,399.99,3
ORD0542,CUST003,2023-01-31,PROD001,Laptop,999.99,5
ORD0543,CUST017,2023-07-16,PROD005,Smartwatch,249.99,4
ORD0544,CUST032,2023-10-28,PROD002,Smartphone,599.99,4
ORD0545,CUST027,2023-03-16,PROD002,Smartphone,599.99,1
ORD0546,CUST046,2023-12-18,PROD003,Headphones,149.99,2
ORD0547,CUST015,2023-05-28,PROD001,Laptop,999.99,5
ORD0548,CUST012,2022-09-08,PROD004,Tablet,399.99,3
ORD0549,CUST039,2022-06-22,PROD003,Headphones,149.99,4
ORD0550,CUST034,2023-06-12,PROD004,Tablet,399.99,3
ORD0551,CUST042,2023-10-30,PROD004,Tablet,399.99,4
ORD0552,CUST007,2022-10-16,PROD001,Laptop,999.99,1
ORD0553,CUST050,2023-02-13,PROD003,Headphones,149.99,2
ORD0554,CUST004,2022-11-26,PROD001,Laptop,999.99,1
ORD0555,CUST036,2023-04-10,PROD002,Smartphone,599.99,3
ORD0556,CUST048,2023-02-12,PROD002,Smartphone,599.99,4
ORD0557,CUST046,2022-06-09,PROD003,Headphones,149.99,2
ORD0558,CUST041,2023-10-18,PROD005,Smartwatch,249.99,3
ORD0559,CUST038,2022-05-23,PROD003,Headphones,149.99,1
ORD0560,CUST026,2023-09-07,PROD001,Laptop,999.99,3
ORD0561,CUST038,2023-07-02,PROD005,Smartwatch,249.99,3
ORD0562,CUST026,2023-10-05,PROD001,Laptop,999.99,4
ORD0563,CUST013,2022-04-21,PROD001,Laptop,999.99,4
ORD0564,CUST031,2023-02-03,PROD005,Smartwatch,249.99,2
ORD0565,CUST029,2022-03-26,PROD002,Smartphone,599.99,1
ORD0566,CUST046,2023-06-15,PROD005,Smartwatch,249.99,4
ORD0567,CUST033,2023-04-08,PROD005,Smartwatch,249.99,1
ORD0568,CUST029,2022-12-08,PROD002,Smartphone,599.99,5
ORD0569,CUST001,2023-12-01,PROD004,Tablet,399.99,5
ORD0570,CUST037,2023-12-26,PROD001,Laptop,999.99,3
ORD0571,CUST040,2023-08-03,PROD004,Tablet,399.99,1
ORD0572,CUST002,2023-12-09,PROD001,Laptop,999.99,3
ORD0573,CUST042,2023-07-18,PROD001,Laptop,999.99,4
ORD0574,CUST009,2023-10-16,PROD004,Tablet,399.99,3
ORD0575,CUST048,2022-11-30,PROD005,Smartwatch,249.99,3
ORD0576,CUST036,2022-09-21,PROD002,Smartphone,599.99,4
ORD0577,CUST013,2022-04-13,PROD003,Headphones,149.99,1
ORD0578,CUST040,2022-12-25,PROD002,Smartphone,599.99,4
ORD0579,CUST049,2022-02-11,PROD005,Smartwatch,249.99,2
ORD0580,CUST020,2022-11-19,PROD001,Laptop,999.99,4
ORD0581,CUST038,2023-10-06,PROD004,Tablet,399.99,2
ORD0582,CUST030,2022-08-12,PROD004,Tablet,399.99,3
ORD0583,CUST016,2023-11-04,PROD003,Headphones,149.99,2
ORD0584,CUST012,2022-06-03,PROD005,Smartwatch,249.99,2
ORD0585,CUST011,2023-08-16,PROD001,Laptop,999.99,2
ORD0586,CUST036,2023-09-14,PROD003,Headphones,149.99,1
ORD0587,CUST045,2022-11-25,PROD001,Laptop,999.99,2
ORD0588,CUST028,2023-03-23,PROD001,Laptop,999.99,1
ORD0589,CUST015,2023-12-20,PROD004,Tablet,399.99,1
ORD0590,CUST018,2022-11-28,PROD002,Smartphone,599.99,1
ORD0591,CUST024,2022-07-18,PROD003,Headphones,149.99,1
ORD0592,CUST008,2022-06-20,PROD001,Laptop,999.99,5
ORD0593,CUST044,2022-07-19,PROD002,Smartphone,599.99,3
ORD0594,CUST049,2023-05-01,PROD004,Tablet,399.99,1
ORD0595,CUST028,2023-12-11,PROD004,Tablet,399.99,4
ORD0596,CUST005,2022-12-27,PROD004,Tablet,399.99,1
ORD0597,CUST050,2023-08-22,PROD005,Smartwatch,249.99,3
ORD0598,CUST005,2023-12-17,PROD003,Headphones,149.99,3
ORD0599,CUST009,2022-04-09,PROD005,Smartwatch,249.99,1
ORD0600,CUST006,2022-08-14,PROD003,Headphones,149.99,5
ORD0601,CUST017,2023-12-01,PROD001,Laptop,999.99,3
ORD0602,CUST023,2023-03-02,PROD004,Tablet,399.99,2
ORD0603,CUST036,2022-12-25,PROD001,Laptop,999.99,5
ORD0604,CUST042,2023-02-18,PROD001,Laptop,999.99,1
ORD0605,CUST036,2022-05-24,PROD001,Laptop,999.99,1
ORD0606,CUST017,2022-03-28,PROD005,Smartwatch,249.99,2
ORD0607,CUST043,2023-08-18,PROD002,Smartphone,599.99,2
ORD0608,CUST043,2022-07-26,PROD002,Smartphone,599.99,2
ORD0609,CUST003,2023-02-09,PROD005,Smartwatch,249.99,1
ORD0610,CUST014,2023-05-29,PROD002,Smartphone,599.99,2
ORD0611,CUST038,2022-04-29,PROD002,Smartphone,599.99,3
ORD0612,CUST011,2023-07-15,PROD005,Smartwatch,249.99,3
ORD0613,CUST002,2022-04-23,PROD003,Headphones,149.99,1
ORD0614,CUST018,2023-12-30,PROD004,Tablet,399.99,4
ORD0615,CUST020,2022-02-04,PROD002,Smartphone,599.99,2
ORD0616,CUST011,2022-12-26,PROD005,Smartwatch,249.99,4
ORD0617,CUST008,2022-01-14,PROD002,Smartphone,599.99,1
ORD0618,CUST021,2023-04-16,PROD004,Tablet,399.99,5
ORD0619,CUST041,2022-06-11,PROD004,Tablet,399.99,4
ORD0620,CUST004,2022-07-11,PROD004,Tablet,399.99,2
ORD0621,CUST038,2022-05-22,PROD003,Headphones,149.99,2
ORD0622,CUST036,2023-07-15,PROD003,Headphones,149.99,2
ORD0623,CUST035,2023-04-07,PROD003,Headphones,149.99,5
ORD0624,CUST018,2022-09-20,PROD001,Laptop,999.99,2
ORD0625,CUST038,2022-04-04,PROD004,Tablet,399.99,5
ORD0626,CUST015,2023-11-04,PROD001,Laptop,999.99,2
ORD0627,CUST035,2023-08-23,PROD001,Laptop,999.99,5
ORD0628,CUST036,2023-08-20,PROD003,Headphones,149.99,2
ORD0629,CUST031,2022-05-18,PROD003,Headphones,149.99,3
ORD0630,CUST037,2023-12-21,PROD002,Smartphone,599.99,2
ORD0631,CUST020,2023-08-12,PROD002,Smartphone,599.99,2
ORD0632,CUST023,2023-02-20,PROD001,Laptop,999.99,2
ORD0633,CUST025,2023-08-25,PROD002,Smartphone,599.99,5
ORD0634,CUST001,2022-07-05,PROD004,Tablet,399.99,1
ORD0635,CUST025,2022-11-15,PROD004,Tablet,399.99,5
ORD0636,CUST023,2022-03-27,PROD005,Smartwatch,249.99,1
ORD0637,CUST048,2022-06-28,PROD004,Tablet,399.99,1
ORD0638,CUST028,2022-01-20,PROD002,Smartphone,599.99,5
ORD0639,CUST041,2022-06-23,PROD004,Tablet,399.99,5
ORD0640,CUST036,2022-07-04,PROD005,Smartwatch,249.99,1
ORD0641,CUST046,2023-02-10,PROD002,Smartphone,599.99,2
ORD0642,CUST013,2023-08-16,PROD001,Laptop,999.99,4
ORD0643,CUST014,2022-10-06,PROD003,Headphones,149.99,3
ORD0644,CUST001,2023-07-02,PROD001,Laptop,999.99,2
ORD0645,CUST037,2022-11-05,PROD001,Laptop,999.99,2
ORD0646,CUST049,2023-12-01,PROD003,Headphones,149.99,4
ORD0647,CUST003,2022-03-30,PROD004,Tablet,399.99,4
ORD0648,CUST044,2023-02-07,PROD003,Headphones,149.99,5
ORD0649,CUST023,2022-01-20,PROD005,Smartwatch,249.99,4
ORD0650,CUST037,2022-09-12,PROD001,Laptop,999.99,1
ORD0651,CUST010,2023-02-07,PROD004,Tablet,399.99,5
ORD0652,CUST025,2022-07-23,PROD005,Smartwatch,249.99,2
ORD0653,CUST015,2022-08-23,PROD005,Smartwatch,249.99,5
ORD0654,CUST007,2022-07-23,PROD002,Smartphone,599.99,1
ORD0655,CUST020,2022-01-21,PROD005,Smartwatch,249.99,5
ORD0656,CUST020,2023-01-02,PROD001,Laptop,999.99,3
ORD0657,CUST026,2023-05-27,PROD005,Smartwatch,249.99,1
ORD0658,CUST039,2023-05-21,PROD001,Laptop,999.99,5
ORD0659,CUST023,2023-03-29,PROD004,Tablet,399.99,3
ORD0660,CUST020,2022-06-28,PROD003,Headphones,149.99,1
ORD0661,CUST012,2023-04-08,PROD001,Laptop,999.99,2
ORD0662,CUST009,2023-04-02,PROD001,Laptop,999.99,1
ORD0663,CUST025,2022-11-03,PROD004,Tablet,399.99,3
ORD0664,CUST034,2022-02-09,PROD004,Tablet,399.99,3
ORD0665,CUST032,2023-04-12,PROD003,Headphones,149.99,1
ORD0666,CUST050,2022-09-23,PROD001,Laptop,999.99,3
ORD0667,CUST030,2023-03-15,PROD003,Headphones,149.99,4
ORD0668,CUST036,2022-11-03,PROD004,Tablet,399.99,3
ORD0669,CUST034,2022-09-19,PROD001,Laptop,999.99,1
ORD0670,CUST032,2022-06-05,PROD002,Smartphone,599.99,5
ORD0671,CUST037,2022-12-27,PROD002,Smartphone,599.99,5
ORD0672,CUST026,2022-02-14,PROD004,Tablet,399.99,2
ORD0673,CUST027,2023-09-10,PROD004,Tablet,399.99,1
ORD0674,CUST015,2023-07-04,PROD001,Laptop,999.99,4
ORD0675,CUST006,2023-01-18,PROD003,Headphones,149.99,5
ORD0676,CUST044,2022-07-21,PROD005,Smartwatch,249.99,2
ORD0677,CUST024,2023-08-02,PROD004,Tablet,399.99,3
ORD0678,CUST003,2022-02-04,PROD002,Smartphone,599.99,5
ORD0679,CUST040,2022-10-23,PROD004,Tablet,399.99,3
ORD0680,CUST004,2023-10-21,PROD002,Smartphone,599.99,2
ORD0681,CUST035,2023-07-02,PROD005,Smartwatch,249.99,1
ORD0682,CUST019,2022-03-12,PROD004,Tablet,399.99,4
ORD0683,CUST026,2023-07-05,PROD001,Laptop,999.99,5
ORD0684,CUST013,2023-04-29,PROD005,Smartwatch,249.99,1
ORD0685,CUST019,2022-01-05,PROD001,Laptop,999.99,4
ORD0686,CUST046,2023-11-09,PROD001,Laptop,999.99,2
ORD0687,CUST030,2023-10-24,PROD003,Headphones,149.99,2
ORD0688,CUST015,2022-01-17,PROD002,Smartphone,599.99,2
ORD0689,CUST050,2022-09-12,PROD004,Tablet,399.99,1
ORD0690,CUST007,2023-01-16,PROD005,Smartwatch,249.99,2
ORD0691,CUST017,2022-05-30,PROD001,Laptop,999.99,4
ORD0692,CUST029,2022-01-30,PROD001,Laptop,999.99,4
ORD0693,CUST011,2022-06-11,PROD002,Smartphone,599.99,3
ORD0694,CUST029,2023-08-03,PROD002,Smartphone,599.99,5
ORD0695,CUST032,2022-02-01,PROD002,Smartphone,599.99,4
ORD0696,CUST020,2022-02-07,PROD001,Laptop,999.99,1
ORD0697,CUST045,2023-08-21,PROD005,Smartwatch,249.99,5
ORD0698,CUST004,2022-06-20,PROD002,Smartphone,599.99,4
ORD0699,CUST010,2023-08-14,PROD001,Laptop,999.99,4
ORD0700,CUST016,2022-10-29,PROD002,Smartphone,599.99,2
ORD0701,CUST050,2023-09-05,PROD005,Smartwatch,249.99,1
ORD0702,CUST009,2022-03-28,PROD004,Tablet,399.99,5
ORD0703,CUST036,2023-05-19,PROD001,Laptop,999.99,1
ORD0704,CUST019,2022-07-30,PROD003,Headphones,149.99,1
ORD0705,CUST032,2023-09-26,PROD001,Laptop,999.99,3
ORD0706,CUST008,2022-09-29,PROD005,Smartwatch,249.99,2
ORD0707,CUST046,2023-09-05,PROD005,Smartwatch,249.99,1
ORD0708,CUST038,2022-08-06,PROD005,Smartwatch,249.99,5
ORD0709,CUST034,2023-11-24,PROD002,Smartphone,599.99,2
ORD0710,CUST034,2022-04-07,PROD003,Headphones,149.99,5
ORD0711,CUST016,2023-04-08,PROD001,Laptop,999.99,2
ORD0712,CUST012,2023-11-08,PROD001,Laptop,999.99,2
ORD0713,CUST050,2023-10-17,PROD002,Smartphone,599.99,2
ORD0714,CUST036,2022-04-12,PROD004,Tablet,399.99,5
ORD0715,CUST003,2023-07-01,PROD005,Smartwatch,249.99,3
ORD0716,CUST012,2022-12-19,PROD002,Smartphone,599.99,2
ORD0717,CUST026,2022-05-10,PROD005,Smartwatch,249.99,3
ORD0718,CUST032,2022-01-23,PROD002,Smartphone,599.99,4
ORD0719,CUST035,2022-01-16,PROD005,Smartwatch,249.99,4
ORD0720,CUST013,2022-02-07,PROD002,Smartphone,599.99,2
ORD0721,CUST044,2023-09-07,PROD001,Laptop,999.99,2
ORD0722,CUST001,2022-08-25,PROD004,Tablet,399.99,2
ORD0723,CUST043,2022-04-23,PROD005,Smartwatch,249.99,4
ORD0724,CUST003,2022-09-05,PROD003,Headphones,149.99,2
ORD0725,CUST030,2023-06-13,PROD002,Smartphone,599.99,2
ORD0726,CUST008,2023-12-20,PROD001,Laptop,999.99,4
ORD0727,CUST014,2023-11-14,PROD001,Laptop,999.99,2
ORD0728,CUST033,2023-02-14,PROD004,Tablet,399.99,5
ORD0729,CUST023,2023-02-04,PROD005,Smartwatch,249.99,3
ORD0730,CUST033,2023-09-02,PROD005,Smartwatch,249.99,5
ORD0731,CUST026,2022-02-19,PROD001,Laptop,999.99,5
ORD0732,CUST047,2022-06-02,PROD002,Smartphone,599.99,4
ORD0733,CUST014,2022-05-22,PROD002,Smartphone,599.99,1
ORD0734,CUST044,2022-03-31,PROD001,Laptop,999.99,4
ORD0735,CUST041,2022-10-11,PROD003,Headphones,149.99,5
ORD0736,CUST023,2022-12-01,PROD001,Laptop,999.99,4
ORD0737,CUST030,2023-05-03,PROD001,Laptop,999.99,5
ORD0738,CUST049,2022-05-05,PROD003,Headphones,149.99,1
ORD0739,CUST040,2022-07-24,PROD004,Tablet,399.99,2
ORD0740,CUST004,2022-01-26,PROD001,Laptop,999.99,3
ORD0741,CUST037,2023-07-14,PROD002,Smartphone,599.99,5
ORD0742,CUST001,2023-05-16,PROD005,Smartwatch,249.99,1
ORD0743,CUST030,2023-11-10,PROD005,Smartwatch,249.99,1
ORD0744,CUST039,2022-01-14,PROD005,Smartwatch,249.99,5
ORD0745,CUST004,2022-10-23,PROD003,Headphones,149.99,4
ORD0746,CUST032,2023-04-05,PROD001,Laptop,999.99,3
ORD0747,CUST037,2023-06-17,PROD001,Laptop,999.99,3
ORD0748,CUST027,2023-05-08,PROD005,Smartwatch,249.99,3
ORD0749,CUST032,2022-02-23,PROD004,Tablet,399.99,2
ORD0750,CUST003,2022-03-06,PROD005,Smartwatch,249.99,2
ORD0751,CUST022,2023-07-30,PROD003,Headphones,149.99,4
ORD0752,CUST026,2022-08-13,PROD001,Laptop,999.99,5
ORD0753,CUST002,2022-06-22,PROD005,Smartwatch,249.99,4
ORD0754,CUST043,2023-04-19,PROD003,Headphones,149.99,5
ORD0755,CUST042,2022-01-03,PROD004,Tablet,399.99,1
ORD0756,CUST036,2023-08-10,PROD004,Tablet,399.99,5
ORD0757,CUST004,2022-07-05,PROD001,Laptop,999.99,2
ORD0758,CUST024,2023-09-08,PROD003,Headphones,149.99,5
ORD0759,CUST031,2022-01-12,PROD003,Headphones,149.99,4
ORD0760,CUST037,2023-01-08,PROD004,Tablet,399.99,5
ORD0761,CUST041,2022-04-21,PROD002,Smartphone,599.99,5
ORD0762,CUST033,2023-11-17,PROD005,Smartwatch,249.99,2
ORD0763,CUST006,2022-10-09,PROD001,Laptop,999.99,1
ORD0764,CUST037,2022-11-05,PROD003,Headphones,149.99,3
ORD0765,CUST041,2022-07-12,PROD003,Headphones,149.99,2
ORD0766,CUST002,2022-03-16,PROD002,Smartphone,599.99,2
ORD0767,CUST005,2022-04-01,PROD001,Laptop,999.99,3
ORD0768,CUST041,2023-03-14,PROD001,Laptop,999.99,2
ORD0769,CUST001,2022-01-18,PROD004,Tablet,399.99,3
ORD0770,CUST027,2022-08-05,PROD002,Smartphone,599.99,5
ORD0771,CUST035,2022-04-01,PROD001,Laptop,999.99,3
ORD0772,CUST021,2022-05-22,PROD004,Tablet,399.99,5
ORD0773,CUST045,2022-02-14,PROD005,Smartwatch,249.99,3
ORD0774,CUST019,2022-02-16,PROD002,Smartphone,599.99,3
ORD0775,CUST048,2022-10-04,PROD005,Smartwatch,249.99,1
ORD0776,CUST008,2022-01-31,PROD001,Laptop,999.99,3
ORD0777,CUST016,2023-11-26,PROD005,Smartwatch,249.99,3
ORD0778,CUST010,2023-01-25,PROD001,Laptop,999.99,3
ORD0779,CUST040,2022-04-20,PROD002,Smartphone,599.99,1
ORD0780,CUST014,2023-04-08,PROD001,Laptop,999.99,3
ORD0781,CUST013,2023-08-22,PROD002,Smartphone,599.99,2
ORD0782,CUST014,2022-06-19,PROD005,Smartwatch,249.99,2
ORD0783,CUST013,2022-12-17,PROD002,Smartphone,599.99,5
ORD0784,CUST007,2022-01-18,PROD005,Smartwatch,249.99,2
ORD0785,CUST041,2022-06-24,PROD003,Headphones,149.99,4
ORD0786,CUST016,2023-04-27,PROD001,Laptop,999.99,4
ORD0787,CUST023,2023-12-23,PROD002,Smartphone,599.99,4
ORD0788,CUST014,2022-07-29,PROD002,Smartphone,599.99,4
ORD0789,CUST044,2023-02-17,PROD004,Tablet,399.99,1
ORD0790,CUST009,2023-01-17,PROD003,Headphones,149.99,4
ORD0791,CUST025,2023-09-09,PROD002,Smartphone,599.99,5
ORD0792,CUST020,2022-05-07,PROD005,Smartwatch,249.99,4
ORD0793,CUST037,2023-12-12,PROD004,Tablet,399.99,3
ORD0794,CUST027,2022-07-30,PROD002,Smartphone,599.99,2
ORD0795,CUST024,2023-03-26,PROD003,Headphones,149.99,1
ORD0796,CUST027,2022-12-02,PROD005,Smartwatch,249.99,2
ORD0797,CUST037,2022-01-10,PROD004,Tablet,399.99,5
ORD0798,CUST015,2022-09-12,PROD002,Smartphone,599.99,1
ORD0799,CUST020,2022-02-18,PROD001,Laptop,999.99,3
ORD0800,CUST035,2022-10-10,PROD003,Headphones,149.99,1
ORD0801,CUST008,2023-04-10,PROD002,Smartphone,599.99,1
ORD0802,CUST019,2023-10-16,PROD005,Smartwatch,249.99,4
ORD0803,CUST001,2022-05-12,PROD004,Tablet,399.99,3
ORD0804,CUST024,2022-05-20,PROD001,Laptop,999.99,5
ORD0805,CUST032,2022-12-18,PROD003,Headphones,149.99,3
ORD0806,CUST017,2023-05-22,PROD001,Laptop,999.99,1
ORD0807,CUST047,2022-10-29,PROD002,Smartphone,599.99,5
ORD0808,CUST027,2022-05-03,PROD004,Tablet,399.99,1
ORD0809,CUST026,2023-03-22,PROD002,Smartphone,599.99,4
ORD0810,CUST007,2023-05-09,PROD004,Tablet,399.99,3
ORD0811,CUST050,2022-02-09,PROD003,Headphones,149.99,4
ORD0812,CUST039,2022-01-15,PROD005,Smartwatch,249.99,1
ORD0813,CUST027,2022-03-19,PROD005,Smartwatch,249.99,2
ORD0814,CUST007,2023-11-03,PROD005,Smartwatch,249.99,1
ORD0815,CUST032,2022-10-27,PROD003,Headphones,149.99,4
ORD0816,CUST039,2022-01-31,PROD003,Headphones,149.99,5
ORD0817,CUST016,2023-01-15,PROD004,Tablet,399.99,4
ORD0818,CUST013,2023-10-18,PROD002,Smartphone,599.99,1
ORD0819,CUST024,2022-12-05,PROD001,Laptop,999.99,3
ORD0820,CUST021,2022-09-23,PROD003,Headphones,149.99,2
ORD0821,CUST028,2022-12-24,PROD005,Smartwatch,249.99,1
ORD0822,CUST042,2022-09-11,PROD004,Tablet,399.99,2
ORD0823,CUST049,2022-06-27,PROD002,Smartphone,599.99,4
ORD0824,CUST042,2022-07-03,PROD002,Smartphone,599.99,3
ORD0825,CUST046,2022-07-22,PROD004,Tablet,399.99,4
ORD0826,CUST039,2023-06-24,PROD004,Tablet,399.99,2
ORD0827,CUST005,2022-12-17,PROD002,Smartphone,599.99,2
ORD0828,CUST027,2023-03-29,PROD002,Smartphone,599.99,3
ORD0829,CUST018,2022-02-08,PROD001,Laptop,999.99,5
ORD0830,CUST034,2023-07-04,PROD003,Headphones,149.99,4
ORD0831,CUST045,2023-02-17,PROD002,Smartphone,599.99,1
ORD0832,CUST018,2023-03-30,PROD003,Headphones,149.99,2
ORD0833,CUST010,2022-11-08,PROD001,Laptop,999.99,1
ORD0834,CUST004,2023-05-01,PROD004,Tablet,399.99,5
ORD0835,CUST041,2022-10-06,PROD005,Smartwatch,249.99,1
ORD0836,CUST019,2022-02-24,PROD004,Tablet,399.99,5
ORD0837,CUST029,2023-10-02,PROD004,Tablet,399.99,1
ORD0838,CUST031,2022-11-16,PROD002,Smartphone,599.99,3
ORD0839,CUST045,2022-08-21,PROD002,Smartphone,599.99,5
ORD0840,CUST042,2022-08-16,PROD002,Smartphone,599.99,1
ORD0841,CUST031,2022-07-22,PROD005,Smartwatch,249.99,2
ORD0842,CUST017,2023-01-04,PROD005,Smartwatch,249.99,4
ORD0843,CUST005,2022-01-29,PROD002,Smartphone,599.99,2
ORD0844,CUST045,2023-01-15,PROD003,Headphones,149.99,1
ORD0845,CUST029,2022-08-26,PROD001,Laptop,999.99,5
ORD0846,CUST012,2022-03-05,PROD003,Headphones,149.99,3
ORD0847,CUST009,2022-07-27,PROD003,Headphones,149.99,1
ORD0848,CUST041,2022-08-08,PROD002,Smartphone,599.99,1
ORD0849,CUST035,2023-07-26,PROD003,Headphones,149.99,4
ORD0850,CUST020,2022-10-18,PROD001,Laptop,999.99,1
ORD0851,CUST026,2023-07-11,PROD003,Headphones,149.99,5
ORD0852,CUST024,2023-07-02,PROD001,Laptop,999.99,4
ORD0853,CUST021,2023-05-01,PROD004,Tablet,399.99,2
ORD0854,CUST020,2023-06-25,PROD004,Tablet,399.99,1
ORD0855,CUST009,2023-11-23,PROD003,Headphones,149.99,4
ORD0856,CUST046,2022-11-12,PROD003,Headphones,149.99,3
ORD0857,CUST021,2023-03-23,PROD005,Smartwatch,249.99,3
ORD0858,CUST016,2023-01-24,PROD001,Laptop,999.99,3
ORD0859,CUST021,2023-07-27,PROD004,Tablet,399.99,3
ORD0860,CUST025,2022-01-25,PROD002,Smartphone,599.99,1
ORD0861,CUST029,2022-06-04,PROD002,Smartphone,599.99,5
ORD0862,CUST046,2022-10-14,PROD003,Headphones,149.99,1
ORD0863,CUST030,2022-11-06,PROD001,Laptop,999.99,1
ORD0864,CUST027,2023-04-02,PROD005,Smartwatch,249.99,1
ORD0865,CUST002,2023-10-25,PROD001,Laptop,999.99,1
ORD0866,CUST028,2022-01-05,PROD001,Laptop,999.99,1
ORD0867,CUST004,2022-06-18,PROD003,Headphones,149.99,1
ORD0868,CUST015,2022-03-04,PROD001,Laptop,999.99,5
ORD0869,CUST049,2022-02-25,PROD005,Smartwatch,249.99,1
ORD0870,CUST004,2022-11-04,PROD005,Smartwatch,249.99,4
ORD0871,CUST001,2023-08-19,PROD005,Smartwatch,249.99,1
ORD0872,CUST028,2022-01-13,PROD003,Headphones,149.99,4
ORD0873,CUST036,2023-09-04,PROD002,Smartphone,599.99,1
ORD0874,CUST050,2023-11-14,PROD002,Smartphone,599.99,1
ORD0875,CUST010,2023-10-29,PROD002,Smartphone,599.99,5
ORD0876,CUST024,2023-04-12,PROD004,Tablet,399.99,5
ORD0877,CUST034,2023-03-23,PROD002,Smartphone,599.99,2
ORD0878,CUST021,2023-12-09,PROD003,Headphones,149.99,1
ORD0879,CUST044,2023-04-07,PROD004,Tablet,399.99,4
ORD0880,CUST040,2023-10-08,PROD003,Headphones,149.99,4
ORD0881,CUST003,2022-12-29,PROD005,Smartwatch,249.99,3
ORD0882,CUST010,2023-06-02,PROD004,Tablet,399.99,3
ORD0883,CUST035,2022-01-09,PROD002,Smartphone,599.99,2
ORD0884,CUST048,2022-10-01,PROD001,Laptop,999.99,4
ORD0885,CUST025,2023-06-23,PROD002,Smartphone,599.99,1
ORD0886,CUST012,2023-04-28,PROD004,Tablet,399.99,3
ORD0887,CUST008,2023-10-22,PROD002,Smartphone,599.99,5
ORD0888,CUST010,2023-11-23,PROD003,Headphones,149.99,5
ORD0889,CUST029,2023-01-10,PROD003,Headphones,149.99,2
ORD0890,CUST050,2022-04-25,PROD001,Laptop,999.99,2
ORD0891,CUST029,2023-09-15,PROD005,Smartwatch,249.99,1
ORD0892,CUST039,2023-06-14,PROD003,Headphones,149.99,1
ORD0893,CUST004,2022-09-18,PROD005,Smartwatch,249.99,1
ORD0894,CUST012,2022-02-15,PROD004,Tablet,399.99,1
ORD0895,CUST026,2023-12-20,PROD005,Smartwatch,249.99,4
ORD0896,CUST039,2022-11-22,PROD005,Smartwatch,249.99,5
ORD0897,CUST007,2023-09-01,PROD005,Smartwatch,249.99,1
ORD0898,CUST046,2022-05-31,PROD003,Headphones,149.99,1
ORD0899,CUST015,2023-05-22,PROD005,Smartwatch,249.99,5
ORD0900,CUST040,2022-10-18,PROD003,Headphones,149.99,1
ORD0901,CUST036,2023-06-13,PROD002,Smartphone,599.99,2
ORD0902,CUST003,2023-11-06,PROD002,Smartphone,599.99,1
ORD0903,CUST018,2023-07-05,PROD004,Tablet,399.99,1
ORD0904,CUST028,2023-12-17,PROD002,Smartphone,599.99,1
ORD0905,CUST008,2022-10-02,PROD001,Laptop,999.99,5
ORD0906,CUST049,2023-10-28,PROD004,Tablet,399.99,1
ORD0907,CUST008,2023-02-22,PROD004,Tablet,399.99,2
ORD0908,CUST019,2022-10-30,PROD005,Smartwatch,249.99,5
ORD0909,CUST001,2023-02-23,PROD005,Smartwatch,249.99,3
ORD0910,CUST011,2023-11-23,PROD003,Headphones,149.99,4
ORD0911,CUST015,2022-02-14,PROD003,Headphones,149.99,2
ORD0912,CUST017,2023-09-22,PROD001,Laptop,999.99,4
ORD0913,CUST048,2023-11-01,PROD005,Smartwatch,249.99,2
ORD0914,CUST003,2023-01-03,PROD003,Headphones,149.99,1
ORD0915,CUST018,2022-07-11,PROD001,Laptop,999.99,3
ORD0916,CUST017,2023-12-06,PROD001,Laptop,999.99,2
ORD0917,CUST030,2022-06-08,PROD001,Laptop,999.99,5
ORD0918,CUST013,2022-04-03,PROD002,Smartphone,599.99,1
ORD0919,CUST002,2022-04-06,PROD002,Smartphone,599.99,4
ORD0920,CUST006,2022-03-10,PROD002,Smartphone,599.99,2
ORD0921,CUST042,2022-05-30,PROD003,Headphones,149.99,2
ORD0922,CUST039,2023-11-08,PROD001,Laptop,999.99,4
ORD0923,CUST016,2022-03-18,PROD005,Smartwatch,249.99,4
ORD0924,CUST019,2022-06-26,PROD004,Tablet,399.99,2
ORD0925,CUST018,2022-05-01,PROD003,Headphones,149.99,3
ORD0926,CUST041,2022-10-06,PROD001,Laptop,999.99,4
ORD0927,CUST050,2023-06-06,PROD004,Tablet,399.99,4
ORD0928,CUST046,2023-11-06,PROD003,Headphones,149.99,4
ORD0929,CUST004,2022-10-25,PROD003,Headphones,149.99,4
ORD0930,CUST003,2023-11-09,PROD004,Tablet,399.99,2
ORD0931,CUST030,2023-04-23,PROD003,Headphones,149.99,3
ORD0932,CUST022,2022-02-16,PROD002,Smartphone,599.99,2
ORD0933,CUST007,2022-08-10,PROD004,Tablet,399.99,4
ORD0934,CUST030,2023-09-16,PROD002,Smartphone,599.99,5
ORD0935,CUST047,2022-01-14,PROD004,Tablet,399.99,2
ORD0936,CUST029,2022-08-19,PROD005,Smartwatch,249.99,2
ORD0937,CUST036,2022-09-21,PROD001,Laptop,999.99,5
ORD0938,CUST005,2022-06-26,PROD002,Smartphone,599.99,2
ORD0939,CUST008,2023-10-19,PROD004,Tablet,399.99,2
ORD0940,CUST043,2023-07-14,PROD005,Smartwatch,249.99,1
ORD0941,CUST024,2023-04-06,PROD005,Smartwatch,249.99,5
ORD0942,CUST042,2023-02-20,PROD004,Tablet,399.99,1
ORD0943,CUST008,2023-12-02,PROD002,Smartphone,599.99,3
ORD0944,CUST041,2023-10-19,PROD005,Smartwatch,249.99,1
ORD0945,CUST004,2023-07-15,PROD002,Smartphone,599.99,4
ORD0946,CUST020,2022-07-31,PROD001,Laptop,999.99,2
ORD0947,CUST032,2023-12-28,PROD001,Laptop,999.99,4
ORD0948,CUST024,2023-05-20,PROD004,Tablet,399.99,1
ORD0949,CUST036,2023-06-28,PROD001,Laptop,999.99,1
ORD0950,CUST016,2022-01-21,PROD004,Tablet,399.99,4
ORD0951,CUST029,2022-07-25,PROD002,Smartphone,599.99,2
ORD0952,CUST010,2022-10-10,PROD003,Headphones,149.99,1
ORD0953,CUST030,2022-10-17,PROD003,Headphones,149.99,5
ORD0954,CUST016,2023-04-02,PROD004,Tablet,399.99,4
ORD0955,CUST026,2022-06-20,PROD003,Headphones,149.99,5
ORD0956,CUST026,2022-03-16,PROD001,Laptop,999.99,5
ORD0957,CUST040,2022-04-15,PROD001,Laptop,999.99,1
ORD0958,CUST032,2022-04-18,PROD002,Smartphone,599.99,5
ORD0959,CUST036,2022-08-06,PROD001,Laptop,999.99,4
ORD0960,CUST032,2022-07-24,PROD004,Tablet,399.99,1
ORD0961,CUST002,2022-01-04,PROD005,Smartwatch,249.99,2
ORD0962,CUST038,2022-03-02,PROD001,Laptop,999.99,4
ORD0963,CUST047,2023-06-02,PROD003,Headphones,149.99,2
ORD0964,CUST050,2022-01-02,PROD003,Headphones,149.99,5
ORD0965,CUST017,2022-02-13,PROD004,Tablet,399.99,5
ORD0966,CUST034,2023-07-07,PROD004,Tablet,399.99,4
ORD0967,CUST005,2022-12-10,PROD001,Laptop,999.99,4
ORD0968,CUST030,2023-06-27,PROD002,Smartphone,599.99,1
ORD0969,CUST015,2023-02-13,PROD001,Laptop,999.99,5
ORD0970,CUST021,2023-11-04,PROD002,Smartphone,599.99,2
ORD0971,CUST030,2023-08-28,PROD005,Smartwatch,249.99,5
ORD0972,CUST045,2022-09-11,PROD001,Laptop,999.99,3
ORD0973,CUST011,2022-03-21,PROD003,Headphones,149.99,2
ORD0974,CUST042,2023-05-03,PROD004,Tablet,399.99,5
ORD0975,CUST044,2022-02-08,PROD002,Smartphone,599.99,3
ORD0976,CUST040,2022-04-14,PROD005,Smartwatch,249.99,3
ORD0977,CUST007,2023-12-05,PROD004,Tablet,399.99,5
ORD0978,CUST050,2023-02-12,PROD003,Headphones,149.99,1
ORD0979,CUST028,2022-05-07,PROD003,Headphones,149.99,3
ORD0980,CUST027,2022-05-07,PROD001,Laptop,999.99,1
ORD0981,CUST032,2022-05-14,PROD005,Smartwatch,249.99,2
ORD0982,CUST048,2022-10-23,PROD001,Laptop,999.99,3
ORD0983,CUST039,2022-06-29,PROD003,Headphones,149.99,5
ORD0984,CUST034,2022-12-24,PROD001,Laptop,999.99,5
ORD0985,CUST043,2023-06-19,PROD004,Tablet,399.99,3
ORD0986,CUST036,2022-03-16,PROD005,Smartwatch,249.99,5
ORD0987,CUST033,2022-08-23,PROD005,Smartwatch,249.99,2
ORD0988,CUST030,2023-01-31,PROD002,Smartphone,599.99,3
ORD0989,CUST047,2022-08-19,PROD005,Smartwatch,249.99,3
ORD0990,CUST042,2022-04-26,PROD001,Laptop,999.99,5
ORD0991,CUST049,2023-01-20,PROD005,Smartwatch,249.99,2
ORD0992,CUST025,2022-07-09,PROD004,Tablet,399.99,5
ORD0993,CUST045,2022-06-03,PROD003,Headphones,149.99,4
ORD0994,CUST036,2022-05-07,PROD004,Tablet,399.99,4
ORD0995,CUST029,2022-03-05,PROD003,Headphones,149.99,2
ORD0996,CUST034,2022-01-22,PROD004,Tablet,399.99,3
ORD0997,CUST026,2023-05-02,PROD001,Laptop,999.99,4
ORD0998,CUST046,2022-06-27,PROD003,Headphones,149.99,2
ORD0999,CUST035,2022-08-21,PROD005,Smartwatch,249.99,2
ORD1000,CUST011,2022-07-21,PROD003,Headphones,149.99,5
